[
  {
    "id": "172d2208-0011-4f58-adb4-44a349e56c65",
    "data": [
      {
        "text": "개인",
        "userDefined": false
      },
      {
        "text": "정보",
        "meta": "@sys.person",
        "alias": "person",
        "userDefined": false
      },
      {
        "text": " ",
        "userDefined": false
      },
      {
        "text": "동의",
        "meta": "@sys.person",
        "alias": "person1",
        "userDefined": false
      },
      {
        "text": " 조회",
        "userDefined": false
      }
    ],
    "isTemplate": false,
    "count": 0,
    "lang": "ko",
    "updated": 0
  },
  {
    "id": "48e2d5a2-6294-4da5-adf1-5e85a69f2ed9",
    "data": [
      {
        "text": "개인정보활용 동의 조회",
        "userDefined": false
      }
    ],
    "isTemplate": false,
    "count": 0,
    "lang": "ko",
    "updated": 0
  }
]