[
  {
    "id": "7bba8b16-ba37-4a16-932e-b454c53b4150",
    "data": [
      {
        "text": "직원 찾기",
        "userDefined": false
      }
    ],
    "isTemplate": false,
    "count": 0,
    "lang": "ko",
    "updated": 0
  },
  {
    "id": "ddc94c33-ca07-49d1-ac9a-2e824a10a015",
    "data": [
      {
        "text": "교원 찾기",
        "userDefined": false
      }
    ],
    "isTemplate": false,
    "count": 0,
    "lang": "ko",
    "updated": 0
  },
  {
    "id": "d7c95b80-3757-43da-9cc5-0703fc34f66c",
    "data": [
      {
        "text": "교원/직원 찾기",
        "userDefined": false
      }
    ],
    "isTemplate": false,
    "count": 0,
    "lang": "ko",
    "updated": 0
  }
]