[
  {
    "id": "ab433aa2-d7ca-425d-958d-9df606b5c61a",
    "data": [
      {
        "text": "마이",
        "meta": "@sys.person",
        "alias": "person",
        "userDefined": false
      },
      {
        "text": "메뉴 ",
        "userDefined": false
      },
      {
        "text": "변경",
        "meta": "@sys.person",
        "alias": "person1",
        "userDefined": false
      }
    ],
    "isTemplate": false,
    "count": 0,
    "lang": "ko",
    "updated": 0
  },
  {
    "id": "ae3bbed8-f182-458e-a10c-20ea3742ec61",
    "data": [
      {
        "text": "마이메뉴 순서 변경",
        "userDefined": false
      }
    ],
    "isTemplate": false,
    "count": 0,
    "lang": "ko",
    "updated": 0
  }
]