[
  {
    "id": "34065a5d-a839-4916-ad0b-77859fa6ec1f",
    "data": [
      {
        "text": "비밀번호 ",
        "userDefined": false
      },
      {
        "text": "변경",
        "meta": "@sys.person",
        "alias": "person",
        "userDefined": false
      }
    ],
    "isTemplate": false,
    "count": 0,
    "lang": "ko",
    "updated": 0
  },
  {
    "id": "42642e66-3252-4f5e-9439-2e69358316f5",
    "data": [
      {
        "text": "환경설정",
        "userDefined": false
      }
    ],
    "isTemplate": false,
    "count": 0,
    "lang": "ko",
    "updated": 0
  }
]