[
  {
    "id": "016319cf-c640-44ce-a82f-38480c4a1b3e",
    "data": [
      {
        "text": "복수",
        "meta": "@sys.person",
        "alias": "person",
        "userDefined": false
      },
      {
        "text": " 전공 ",
        "userDefined": false
      },
      {
        "text": "신청",
        "meta": "@sys.person",
        "alias": "person1",
        "userDefined": false
      }
    ],
    "isTemplate": false,
    "count": 0,
    "lang": "ko",
    "updated": 0
  },
  {
    "id": "1c36c444-dcfd-456b-ad7d-ca80c9c5dd27",
    "data": [
      {
        "text": "복수",
        "meta": "@sys.person",
        "alias": "person",
        "userDefined": false
      },
      {
        "text": "(부)전공 ",
        "userDefined": false
      },
      {
        "text": "신청",
        "meta": "@sys.person",
        "alias": "person1",
        "userDefined": false
      }
    ],
    "isTemplate": false,
    "count": 0,
    "lang": "ko",
    "updated": 0
  }
]