[
  {
    "id": "852d80d3-b621-4c73-a076-746d7e7829f2",
    "data": [
      {
        "text": "복수",
        "meta": "@sys.person",
        "alias": "person",
        "userDefined": false
      },
      {
        "text": " 전공 ",
        "userDefined": false
      },
      {
        "text": "포기",
        "meta": "@sys.person",
        "alias": "person1",
        "userDefined": false
      },
      {
        "text": " ",
        "userDefined": false
      },
      {
        "text": "신청",
        "meta": "@sys.person",
        "alias": "person1",
        "userDefined": false
      }
    ],
    "isTemplate": false,
    "count": 0,
    "lang": "ko",
    "updated": 0
  },
  {
    "id": "53e7bdf9-38c7-4c19-a240-4c7660214796",
    "data": [
      {
        "text": "복수",
        "meta": "@sys.person",
        "alias": "person",
        "userDefined": false
      },
      {
        "text": "(부)전공 ",
        "userDefined": false
      },
      {
        "text": "포기",
        "meta": "@sys.person",
        "alias": "person1",
        "userDefined": false
      },
      {
        "text": " ",
        "userDefined": false
      },
      {
        "text": "신청",
        "meta": "@sys.person",
        "alias": "person1",
        "userDefined": false
      }
    ],
    "isTemplate": false,
    "count": 0,
    "lang": "ko",
    "updated": 0
  }
]