[
  {
    "id": "647677b0-a618-480b-8cbf-4813ddeb21da",
    "data": [
      {
        "text": "학적",
        "meta": "@ACADEMIC_MANAGEMENT",
        "alias": "ACADEMIC_MANAGEMENT",
        "userDefined": true
      },
      {
        "text": "부 ",
        "userDefined": false
      },
      {
        "text": "정정",
        "meta": "@sys.person",
        "alias": "person",
        "userDefined": false
      },
      {
        "text": " ",
        "userDefined": false
      },
      {
        "text": "신청",
        "meta": "@sys.person",
        "alias": "person",
        "userDefined": false
      }
    ],
    "isTemplate": false,
    "count": 0,
    "lang": "ko",
    "updated": 0
  }
]