[
  {
    "id": "564bcfaa-3264-414a-8150-0ed40a181eea",
    "data": [
      {
        "text": "자퇴",
        "userDefined": false
      }
    ],
    "isTemplate": false,
    "count": 0,
    "lang": "ko",
    "updated": 0
  },
  {
    "id": "4078a54c-8e42-4070-983e-c35498a3db84",
    "data": [
      {
        "text": "재입학",
        "userDefined": false
      }
    ],
    "isTemplate": false,
    "count": 0,
    "lang": "ko",
    "updated": 0
  },
  {
    "id": "c356c025-fc8e-436f-bc21-176b36fc3001",
    "data": [
      {
        "text": "복학",
        "meta": "@sys.person",
        "alias": "person",
        "userDefined": false
      }
    ],
    "isTemplate": false,
    "count": 0,
    "lang": "ko",
    "updated": 0
  },
  {
    "id": "67487a6b-26c9-49a0-883a-896002e74be5",
    "data": [
      {
        "text": "휴학",
        "userDefined": false
      }
    ],
    "isTemplate": false,
    "count": 0,
    "lang": "ko",
    "updated": 0
  },
  {
    "id": "6166d3ef-34be-4c68-b08b-e4c043977ef3",
    "data": [
      {
        "text": "학적",
        "meta": "@ACADEMIC_MANAGEMENT",
        "alias": "academic_management",
        "userDefined": false
      },
      {
        "text": " ",
        "userDefined": false
      },
      {
        "text": "변동",
        "meta": "@sys.person",
        "alias": "person",
        "userDefined": false
      },
      {
        "text": " ",
        "userDefined": false
      },
      {
        "text": "신청",
        "meta": "@sys.person",
        "alias": "person",
        "userDefined": false
      }
    ],
    "isTemplate": false,
    "count": 0,
    "lang": "ko",
    "updated": 0
  }
]