[
  {
    "id": "eecf0887-c42d-4792-90f4-880c078af9bc",
    "data": [
      {
        "text": "취",
        "userDefined": false
      },
      {
        "text": "창업",
        "meta": "@sys.person",
        "alias": "person",
        "userDefined": false
      },
      {
        "text": " ",
        "userDefined": false
      },
      {
        "text": "자기",
        "meta": "@sys.person",
        "alias": "person1",
        "userDefined": false
      },
      {
        "text": "계발 학점 ",
        "userDefined": false
      },
      {
        "text": "인정서",
        "meta": "@sys.person",
        "alias": "person2",
        "userDefined": false
      },
      {
        "text": " 출력",
        "userDefined": false
      }
    ],
    "isTemplate": false,
    "count": 0,
    "lang": "ko",
    "updated": 0
  },
  {
    "id": "9a27e4a7-1f59-444d-b4c6-7cfff0f1fefc",
    "data": [
      {
        "text": "취창업과 자기계발 학점 인정서 출력",
        "userDefined": false
      }
    ],
    "isTemplate": false,
    "count": 0,
    "lang": "ko",
    "updated": 0
  }
]