[
  {
    "id": "5616beca-c1a1-4c9d-b449-fdc940de0a73",
    "data": [
      {
        "text": "상담",
        "meta": "@sys.person",
        "alias": "person",
        "userDefined": false
      },
      {
        "text": " 소감",
        "userDefined": false
      }
    ],
    "isTemplate": false,
    "count": 0,
    "lang": "ko",
    "updated": 0
  },
  {
    "id": "08ae8096-1224-45f3-b39f-f8cc6c687f5d",
    "data": [
      {
        "text": "상담",
        "meta": "@sys.person",
        "alias": "person",
        "userDefined": false
      },
      {
        "text": " 소감 등록",
        "userDefined": false
      }
    ],
    "isTemplate": false,
    "count": 0,
    "lang": "ko",
    "updated": 0
  }
]