[
  {
    "id": "4380cfd6-5348-4889-ad8f-f8a35f445b78",
    "data": [
      {
        "text": "학적",
        "meta": "@ACADEMIC_MANAGEMENT",
        "alias": "academic_management",
        "userDefined": false
      },
      {
        "text": " ",
        "userDefined": false
      },
      {
        "text": "기본",
        "meta": "@sys.person",
        "alias": "person",
        "userDefined": false
      },
      {
        "text": " 조회",
        "userDefined": false
      }
    ],
    "isTemplate": false,
    "count": 0,
    "lang": "ko",
    "updated": 0
  }
]