[
  {
    "id": "cf1e0f08-6649-467f-98a6-2cb4e8911613",
    "data": [
      {
        "text": "학생 ",
        "userDefined": false
      },
      {
        "text": "활동",
        "meta": "@sys.person",
        "alias": "person",
        "userDefined": false
      },
      {
        "text": " ",
        "userDefined": false
      },
      {
        "text": "정보",
        "meta": "@sys.person",
        "alias": "person",
        "userDefined": false
      }
    ],
    "isTemplate": false,
    "count": 0,
    "lang": "ko",
    "updated": 0
  }
]