[
  {
    "id": "8cbcb210-7fcd-447a-9499-722abec1c18c",
    "data": [
      {
        "text": "조기",
        "meta": "@sys.person",
        "alias": "person",
        "userDefined": false
      },
      {
        "text": "취업 출석",
        "userDefined": false
      },
      {
        "text": "인정",
        "meta": "@sys.person",
        "alias": "person1",
        "userDefined": false
      },
      {
        "text": " ",
        "userDefined": false
      },
      {
        "text": "신청",
        "meta": "@sys.person",
        "alias": "person1",
        "userDefined": false
      }
    ],
    "isTemplate": false,
    "count": 0,
    "lang": "ko",
    "updated": 0
  }
]