[
  {
    "id": "c526f7b6-f50c-45e1-b914-2e7d2d21f715",
    "data": [
      {
        "text": "전자",
        "meta": "@sys.location",
        "alias": "location",
        "userDefined": false
      },
      {
        "text": "출결 시스템 바로",
        "userDefined": false
      },
      {
        "text": "가기",
        "meta": "@sys.person",
        "alias": "person",
        "userDefined": false
      }
    ],
    "isTemplate": false,
    "count": 0,
    "lang": "ko",
    "updated": 0
  },
  {
    "id": "acc8e865-aa68-43e9-a5a7-5aa4d466b7b9",
    "data": [
      {
        "text": "전자",
        "meta": "@sys.location",
        "alias": "location",
        "userDefined": false
      },
      {
        "text": "출석",
        "userDefined": false
      }
    ],
    "isTemplate": false,
    "count": 0,
    "lang": "ko",
    "updated": 0
  },
  {
    "id": "ea6c2250-577c-4b62-bbad-a3bb10bbd2fc",
    "data": [
      {
        "text": "전자",
        "meta": "@sys.location",
        "alias": "location",
        "userDefined": false
      },
      {
        "text": "출결",
        "userDefined": false
      }
    ],
    "isTemplate": false,
    "count": 0,
    "lang": "ko",
    "updated": 0
  }
]