[
  {
    "id": "1834a952-477e-45cf-b0fb-037e251a2c91",
    "data": [
      {
        "text": "계절",
        "userDefined": false
      },
      {
        "text": "학기",
        "meta": "@sys.person",
        "alias": "person",
        "userDefined": false
      },
      {
        "text": "수강",
        "meta": "@sys.person",
        "alias": "person",
        "userDefined": false
      },
      {
        "text": "포기",
        "meta": "@sys.person",
        "alias": "person",
        "userDefined": false
      }
    ],
    "isTemplate": false,
    "count": 0,
    "lang": "ko",
    "updated": 0
  },
  {
    "id": "1597f8eb-ec5b-4d31-a98b-f66c7833cfef",
    "data": [
      {
        "text": "계절",
        "userDefined": false
      },
      {
        "text": "학기",
        "meta": "@sys.person",
        "alias": "person",
        "userDefined": false
      },
      {
        "text": "수강",
        "meta": "@sys.person",
        "alias": "person",
        "userDefined": false
      },
      {
        "text": "포기",
        "meta": "@sys.person",
        "alias": "person",
        "userDefined": false
      },
      {
        "text": "신청",
        "meta": "@sys.person",
        "alias": "person",
        "userDefined": false
      }
    ],
    "isTemplate": false,
    "count": 0,
    "lang": "ko",
    "updated": 0
  }
]