[
  {
    "id": "d803590d-c4a6-480c-b2dc-59fd8eb7c025",
    "data": [
      {
        "text": "수업",
        "meta": "@sys.person",
        "alias": "person",
        "userDefined": false
      },
      {
        "text": "계획서",
        "userDefined": false
      }
    ],
    "isTemplate": false,
    "count": 0,
    "lang": "ko",
    "updated": 0
  },
  {
    "id": "ac3bb833-e476-4290-84f6-f07ab38398da",
    "data": [
      {
        "text": "강의계획",
        "userDefined": false
      }
    ],
    "isTemplate": false,
    "count": 0,
    "lang": "ko",
    "updated": 0
  },
  {
    "id": "ba170ad3-b561-4382-9c99-94abdce71e12",
    "data": [
      {
        "text": "강의계획서조회",
        "userDefined": false
      }
    ],
    "isTemplate": false,
    "count": 0,
    "lang": "ko",
    "updated": 0
  }
]