[
  {
    "id": "3b446023-1f3e-4f13-9ceb-cd45005ca228",
    "data": [
      {
        "text": "교수님",
        "meta": "@sys.person",
        "alias": "person",
        "userDefined": false
      },
      {
        "text": "수업",
        "meta": "@sys.person",
        "alias": "person",
        "userDefined": false
      },
      {
        "text": "시간표",
        "userDefined": false
      }
    ],
    "isTemplate": false,
    "count": 0,
    "lang": "ko",
    "updated": 0
  },
  {
    "id": "9e6519c5-9d35-4ab2-b108-4cecd2e83fa4",
    "data": [
      {
        "text": "교수",
        "meta": "@sys.person",
        "alias": "person",
        "userDefined": false
      },
      {
        "text": "별",
        "meta": "@sys.person",
        "alias": "person",
        "userDefined": false
      },
      {
        "text": "수업",
        "meta": "@sys.person",
        "alias": "person",
        "userDefined": false
      },
      {
        "text": "시간",
        "userDefined": false
      }
    ],
    "isTemplate": false,
    "count": 0,
    "lang": "ko",
    "updated": 0
  },
  {
    "id": "965a9ed1-442d-4bcb-9f14-2419b6abc268",
    "data": [
      {
        "text": "교수",
        "meta": "@sys.person",
        "alias": "person",
        "userDefined": false
      },
      {
        "text": "별",
        "meta": "@sys.person",
        "alias": "person",
        "userDefined": false
      },
      {
        "text": "강의시간표",
        "userDefined": false
      }
    ],
    "isTemplate": false,
    "count": 0,
    "lang": "ko",
    "updated": 0
  }
]