[
  {
    "id": "d7a4dc06-805c-4572-b1eb-5131d3e98028",
    "data": [
      {
        "text": "계절",
        "userDefined": false
      },
      {
        "text": "학기",
        "meta": "@sys.person",
        "alias": "person",
        "userDefined": false
      },
      {
        "text": "수요",
        "meta": "@sys.date-time",
        "alias": "date-time",
        "userDefined": false
      },
      {
        "text": "조사",
        "userDefined": false
      }
    ],
    "isTemplate": false,
    "count": 0,
    "lang": "ko",
    "updated": 0
  }
]