[
  {
    "id": "9e3198f3-9851-4788-8728-df6f3f3f1961",
    "data": [
      {
        "text": "출석 ",
        "userDefined": false
      },
      {
        "text": "인정",
        "meta": "@sys.person",
        "alias": "person",
        "userDefined": false
      },
      {
        "text": " ",
        "userDefined": false
      },
      {
        "text": "신청",
        "meta": "@sys.person",
        "alias": "person",
        "userDefined": false
      }
    ],
    "isTemplate": false,
    "count": 0,
    "lang": "ko",
    "updated": 0
  },
  {
    "id": "1e828e53-baf6-41c9-b352-a60086b3a3be",
    "data": [
      {
        "text": "입원",
        "userDefined": false
      }
    ],
    "isTemplate": false,
    "count": 0,
    "lang": "ko",
    "updated": 0
  },
  {
    "id": "4ab1b605-1e2f-4f4b-a423-ea50f8a7d47b",
    "data": [
      {
        "text": "결석",
        "userDefined": false
      }
    ],
    "isTemplate": false,
    "count": 0,
    "lang": "ko",
    "updated": 0
  },
  {
    "id": "f46e2aa3-eba2-430e-8caa-3beae59d8455",
    "data": [
      {
        "text": "코로나",
        "meta": "@sys.person",
        "alias": "person",
        "userDefined": false
      }
    ],
    "isTemplate": false,
    "count": 0,
    "lang": "ko",
    "updated": 0
  },
  {
    "id": "5d07c74d-7dc5-4c2c-9c64-235362c97fad",
    "data": [
      {
        "text": "결석계",
        "userDefined": false
      }
    ],
    "isTemplate": false,
    "count": 0,
    "lang": "ko",
    "updated": 0
  },
  {
    "id": "f27105ff-4d1c-4769-98aa-2384421ca064",
    "data": [
      {
        "text": "코로나인정",
        "userDefined": false
      }
    ],
    "isTemplate": false,
    "count": 0,
    "lang": "ko",
    "updated": 0
  },
  {
    "id": "007d0168-1c91-42eb-8579-89a5f8399d13",
    "data": [
      {
        "text": "출석인정신청",
        "userDefined": false
      }
    ],
    "isTemplate": false,
    "count": 0,
    "lang": "ko",
    "updated": 0
  }
]