[
  {
    "id": "9bfcf619-0c16-42a3-a875-4d5fcc4a84e7",
    "data": [
      {
        "text": "연도별교육과정조회",
        "userDefined": false
      }
    ],
    "isTemplate": false,
    "count": 0,
    "lang": "ko",
    "updated": 0
  },
  {
    "id": "c247946a-1120-4e44-a192-60428d8462b6",
    "data": [
      {
        "text": "연도",
        "meta": "@sys.person",
        "alias": "person",
        "userDefined": false
      },
      {
        "text": "별",
        "meta": "@sys.person",
        "alias": "person1",
        "userDefined": false
      },
      {
        "text": "교육",
        "userDefined": false
      },
      {
        "text": "과정",
        "meta": "@sys.person",
        "alias": "person2",
        "userDefined": false
      }
    ],
    "isTemplate": false,
    "count": 0,
    "lang": "ko",
    "updated": 0
  }
]