[
  {
    "id": "499bcd02-5691-42cc-8fe0-e8b69355228b",
    "data": [
      {
        "text": "수강꾸러미",
        "userDefined": false
      }
    ],
    "isTemplate": false,
    "count": 0,
    "lang": "ko",
    "updated": 0
  },
  {
    "id": "805386fe-a155-43b6-9876-2c8fedf63717",
    "data": [
      {
        "text": "수강",
        "meta": "@sys.person",
        "alias": "person",
        "userDefined": false
      },
      {
        "text": "꾸러미",
        "userDefined": false
      },
      {
        "text": "신청",
        "meta": "@sys.person",
        "alias": "person1",
        "userDefined": false
      }
    ],
    "isTemplate": false,
    "count": 0,
    "lang": "ko",
    "updated": 0
  }
]