[
  {
    "id": "03acfbe8-1412-4b58-8dd4-c8ffd1bb711f",
    "data": [
      {
        "text": "코로나 출석 ",
        "userDefined": false
      },
      {
        "text": "인정",
        "meta": "@sys.person",
        "alias": "person",
        "userDefined": false
      },
      {
        "text": " ",
        "userDefined": false
      },
      {
        "text": "신청",
        "meta": "@sys.person",
        "alias": "person1",
        "userDefined": false
      }
    ],
    "isTemplate": false,
    "count": 0,
    "lang": "ko",
    "updated": 0
  },
  {
    "id": "6a060bbf-b904-4a6f-a8d3-476b4f1fb741",
    "data": [
      {
        "text": "코로나 관련 추가 설명",
        "userDefined": false
      }
    ],
    "isTemplate": false,
    "count": 0,
    "lang": "ko",
    "updated": 0
  }
]