[
  {
    "id": "caa20f86-0ed3-4ea5-9c2a-9c83259845a3",
    "data": [
      {
        "text": "수강",
        "meta": "@sys.person",
        "alias": "person",
        "userDefined": false
      },
      {
        "text": "포기",
        "meta": "@sys.person",
        "alias": "person",
        "userDefined": false
      },
      {
        "text": "신청",
        "meta": "@sys.person",
        "alias": "person",
        "userDefined": false
      }
    ],
    "isTemplate": false,
    "count": 0,
    "lang": "ko",
    "updated": 0
  }
]