[
  {
    "id": "4fca9647-58aa-4afd-9616-e53fc43c8a89",
    "data": [
      {
        "text": "융합교육",
        "userDefined": false
      },
      {
        "text": "과정",
        "meta": "@sys.person",
        "alias": "person",
        "userDefined": false
      },
      {
        "text": "조회",
        "userDefined": false
      }
    ],
    "isTemplate": false,
    "count": 0,
    "lang": "ko",
    "updated": 0
  },
  {
    "id": "7f29df5a-d195-45f5-b306-db2009381259",
    "data": [
      {
        "text": "융합교육",
        "userDefined": false
      },
      {
        "text": "과정",
        "meta": "@sys.person",
        "alias": "person",
        "userDefined": false
      }
    ],
    "isTemplate": false,
    "count": 0,
    "lang": "ko",
    "updated": 0
  }
]