[
  {
    "id": "b9202a76-3dfe-4420-84f4-28be001d5631",
    "data": [
      {
        "text": "시간표",
        "userDefined": false
      },
      {
        "text": "변경",
        "meta": "@sys.person",
        "alias": "person",
        "userDefined": false
      },
      {
        "text": "조회",
        "userDefined": false
      }
    ],
    "isTemplate": false,
    "count": 0,
    "lang": "ko",
    "updated": 0
  },
  {
    "id": "79ae33dc-ccd0-459d-b1d1-7116e61fcc9f",
    "data": [
      {
        "text": "강의시간표변경",
        "userDefined": false
      }
    ],
    "isTemplate": false,
    "count": 0,
    "lang": "ko",
    "updated": 0
  }
]