[
  {
    "id": "c12f12d2-c89d-46a1-97a3-7d0d4ac6dca2",
    "data": [
      {
        "text": "학점 인정 조회(특별학점)",
        "userDefined": false
      }
    ],
    "isTemplate": false,
    "count": 0,
    "lang": "ko",
    "updated": 0
  },
  {
    "id": "23720b94-7ae7-4cab-8058-39b2c41c1e0a",
    "data": [
      {
        "text": "특별 학점 조회",
        "userDefined": false
      }
    ],
    "isTemplate": false,
    "count": 0,
    "lang": "ko",
    "updated": 0
  },
  {
    "id": "8a637e0a-dc83-4a8c-968e-84576fd9fad5",
    "data": [
      {
        "text": "학점 ",
        "userDefined": false
      },
      {
        "text": "인정",
        "meta": "@sys.person",
        "alias": "person",
        "userDefined": false
      },
      {
        "text": " 조회",
        "userDefined": false
      }
    ],
    "isTemplate": false,
    "count": 0,
    "lang": "ko",
    "updated": 0
  }
]