[
  {
    "id": "60b62cb7-8dd4-49dd-87bf-bdd45562c6af",
    "data": [
      {
        "text": "최종",
        "meta": "@sys.person",
        "alias": "person",
        "userDefined": false
      },
      {
        "text": " 성적 조회",
        "userDefined": false
      }
    ],
    "isTemplate": false,
    "count": 0,
    "lang": "ko",
    "updated": 0
  },
  {
    "id": "89607f2d-2a98-449f-84bc-4dec53da451f",
    "data": [
      {
        "text": "영구",
        "meta": "@sys.person",
        "alias": "person",
        "userDefined": false
      },
      {
        "text": " 성적 조회",
        "userDefined": false
      }
    ],
    "isTemplate": false,
    "count": 0,
    "lang": "ko",
    "updated": 0
  }
]