[
  {
    "id": "cdc87d26-4041-48bd-b1de-fbebe7e98b8f",
    "data": [
      {
        "text": "학점 ",
        "userDefined": false
      },
      {
        "text": "인정",
        "meta": "@sys.person",
        "alias": "person",
        "userDefined": false
      },
      {
        "text": " ",
        "userDefined": false
      },
      {
        "text": "신청",
        "meta": "@sys.person",
        "alias": "person",
        "userDefined": false
      },
      {
        "text": "(국내외",
        "userDefined": false
      },
      {
        "text": "교환",
        "meta": "@sys.person",
        "alias": "person",
        "userDefined": false
      },
      {
        "text": "/",
        "userDefined": false
      },
      {
        "text": "복수",
        "meta": "@sys.person",
        "alias": "person",
        "userDefined": false
      },
      {
        "text": "학위)",
        "userDefined": false
      }
    ],
    "isTemplate": false,
    "count": 0,
    "lang": "ko",
    "updated": 0
  },
  {
    "id": "57f32207-6dcf-4381-9e83-8ce2c9f363fe",
    "data": [
      {
        "text": "복수",
        "meta": "@sys.person",
        "alias": "person",
        "userDefined": false
      },
      {
        "text": " 학위 학점 ",
        "userDefined": false
      },
      {
        "text": "인정",
        "meta": "@sys.person",
        "alias": "person",
        "userDefined": false
      }
    ],
    "isTemplate": false,
    "count": 0,
    "lang": "ko",
    "updated": 0
  },
  {
    "id": "db19af3b-42b0-41ce-ab5b-77ad73cb77cc",
    "data": [
      {
        "text": "국내외 ",
        "userDefined": false
      },
      {
        "text": "교환",
        "meta": "@sys.person",
        "alias": "person",
        "userDefined": false
      },
      {
        "text": " 학점 ",
        "userDefined": false
      },
      {
        "text": "인정",
        "meta": "@sys.person",
        "alias": "person",
        "userDefined": false
      }
    ],
    "isTemplate": false,
    "count": 0,
    "lang": "ko",
    "updated": 0
  },
  {
    "id": "839dc585-1982-4406-a7f9-54928d919cb2",
    "data": [
      {
        "text": "학점 ",
        "userDefined": false
      },
      {
        "text": "인정",
        "meta": "@sys.person",
        "alias": "person",
        "userDefined": false
      },
      {
        "text": " ",
        "userDefined": false
      },
      {
        "text": "신청",
        "meta": "@sys.person",
        "alias": "person",
        "userDefined": false
      }
    ],
    "isTemplate": false,
    "count": 0,
    "lang": "ko",
    "updated": 0
  }
]