[
  {
    "id": "14ff281f-f7d0-4a4f-b2cf-60cc695490e8",
    "data": [
      {
        "text": "교직 ",
        "userDefined": false
      },
      {
        "text": "성인",
        "meta": "@sys.person",
        "alias": "person",
        "userDefined": false
      },
      {
        "text": "지",
        "meta": "@sys.person",
        "alias": "person",
        "userDefined": false
      },
      {
        "text": " 교육 ",
        "userDefined": false
      },
      {
        "text": "신청",
        "meta": "@sys.person",
        "alias": "person1",
        "userDefined": false
      }
    ],
    "isTemplate": false,
    "count": 0,
    "lang": "ko",
    "updated": 0
  }
]