[
  {
    "id": "6557138c-01b1-438a-ab58-c637502500fb",
    "data": [
      {
        "text": "교육 봉사 ",
        "userDefined": false
      },
      {
        "text": "활동",
        "meta": "@sys.person",
        "alias": "person",
        "userDefined": false
      },
      {
        "text": " ",
        "userDefined": false
      },
      {
        "text": "일지",
        "meta": "@sys.person",
        "alias": "person",
        "userDefined": false
      },
      {
        "text": " 작성",
        "userDefined": false
      }
    ],
    "isTemplate": false,
    "count": 0,
    "lang": "ko",
    "updated": 0
  }
]