[
  {
    "id": "b14b037c-e81c-4819-8220-77e29cc81384",
    "data": [
      {
        "text": "교직 ",
        "userDefined": false
      },
      {
        "text": "복수",
        "meta": "@sys.person",
        "alias": "person",
        "userDefined": false
      },
      {
        "text": " 전공 ",
        "userDefined": false
      },
      {
        "text": "신청",
        "meta": "@sys.person",
        "alias": "person1",
        "userDefined": false
      }
    ],
    "isTemplate": false,
    "count": 0,
    "lang": "ko",
    "updated": 0
  }
]