[
  {
    "id": "579f0120-209a-4436-a8c1-6357a80c2b2a",
    "data": [
      {
        "text": "학생 교직 자가 진단",
        "userDefined": false
      }
    ],
    "isTemplate": false,
    "count": 0,
    "lang": "ko",
    "updated": 0
  },
  {
    "id": "d4e2b0a7-37e0-4fc1-83e9-01f80b705a4f",
    "data": [
      {
        "text": "교직 자가 진단",
        "userDefined": false
      }
    ],
    "isTemplate": false,
    "count": 0,
    "lang": "ko",
    "updated": 0
  },
  {
    "id": "40eb1c17-b796-492a-aba4-5374878948b0",
    "data": [
      {
        "text": "교직 자가 진단(학생)",
        "userDefined": false
      }
    ],
    "isTemplate": false,
    "count": 0,
    "lang": "ko",
    "updated": 0
  }
]