[
  {
    "id": "3684231b-19dc-4f18-8922-d2ad6eb03405",
    "data": [
      {
        "text": "교직 적성 ",
        "userDefined": false
      },
      {
        "text": "인성 검사",
        "meta": "@sys.person",
        "alias": "person",
        "userDefined": false
      },
      {
        "text": " ",
        "userDefined": false
      },
      {
        "text": "신청",
        "meta": "@sys.person",
        "alias": "person",
        "userDefined": false
      }
    ],
    "isTemplate": false,
    "count": 0,
    "lang": "ko",
    "updated": 0
  }
]