[
  {
    "id": "fb0e0a79-a9df-4504-8f8f-5e957a7c8d5b",
    "data": [
      {
        "text": "응급 처치 실습 ",
        "userDefined": false
      },
      {
        "text": "신청",
        "meta": "@sys.person",
        "alias": "person",
        "userDefined": false
      }
    ],
    "isTemplate": false,
    "count": 0,
    "lang": "ko",
    "updated": 0
  },
  {
    "id": "bc45f06a-a7a8-4dec-ad10-b5264e03eeaa",
    "data": [
      {
        "text": "응급 / 심폐 소생 실습 ",
        "userDefined": false
      },
      {
        "text": "신청",
        "meta": "@sys.person",
        "alias": "person",
        "userDefined": false
      }
    ],
    "isTemplate": false,
    "count": 0,
    "lang": "ko",
    "updated": 0
  },
  {
    "id": "512f1402-b038-43c5-9c82-dc911ebd8ff3",
    "data": [
      {
        "text": "심폐 소생 실습 ",
        "userDefined": false
      },
      {
        "text": "신청",
        "meta": "@sys.person",
        "alias": "person",
        "userDefined": false
      }
    ],
    "isTemplate": false,
    "count": 0,
    "lang": "ko",
    "updated": 0
  }
]