[
  {
    "id": "99da8c6e-7f15-4657-be87-760fbbd950fe",
    "data": [
      {
        "text": "교육 봉사 ",
        "userDefined": false
      },
      {
        "text": "활동",
        "meta": "@sys.person",
        "alias": "person",
        "userDefined": false
      },
      {
        "text": " ",
        "userDefined": false
      },
      {
        "text": "이수",
        "meta": "@sys.person",
        "alias": "person1",
        "userDefined": false
      },
      {
        "text": " 확인",
        "userDefined": false
      }
    ],
    "isTemplate": false,
    "count": 0,
    "lang": "ko",
    "updated": 0
  }
]