[
  {
    "id": "51a612a9-8fcf-4cf3-8495-2e083af53c40",
    "data": [
      {
        "text": "무시험 ",
        "userDefined": false
      },
      {
        "text": "검정",
        "meta": "@sys.color",
        "alias": "color",
        "userDefined": false
      },
      {
        "text": " ",
        "userDefined": false
      },
      {
        "text": "신청",
        "meta": "@sys.person",
        "alias": "person",
        "userDefined": false
      }
    ],
    "isTemplate": false,
    "count": 0,
    "lang": "ko",
    "updated": 0
  }
]