[
  {
    "id": "dc4a8116-c547-4b03-af7b-d2016ddd11f7",
    "data": [
      {
        "text": "증명서 ",
        "userDefined": false
      },
      {
        "text": "민원",
        "meta": "@sys.person",
        "alias": "person",
        "userDefined": false
      },
      {
        "text": "우편 ",
        "userDefined": false
      },
      {
        "text": "신청",
        "meta": "@sys.person",
        "alias": "person1",
        "userDefined": false
      },
      {
        "text": " 안내",
        "userDefined": false
      }
    ],
    "isTemplate": false,
    "count": 0,
    "lang": "ko",
    "updated": 0
  }
]