[
  {
    "id": "f0bf8244-b81b-4897-b48d-346f93d46596",
    "data": [
      {
        "text": "자격증 발급안내",
        "userDefined": false
      }
    ],
    "isTemplate": false,
    "count": 0,
    "lang": "ko",
    "updated": 0
  },
  {
    "id": "ec826649-7212-43ef-9b23-f400ead335c0",
    "data": [
      {
        "text": "증명서 발급안내",
        "userDefined": false
      }
    ],
    "isTemplate": false,
    "count": 0,
    "lang": "ko",
    "updated": 0
  },
  {
    "id": "c9a21502-52e1-418f-94a0-24196c9979c7",
    "data": [
      {
        "text": "발급 안내",
        "userDefined": false
      }
    ],
    "isTemplate": false,
    "count": 0,
    "lang": "ko",
    "updated": 0
  }
]