[
  {
    "id": "3de32aea-f1a8-43f8-9759-08b1151fd08c",
    "data": [
      {
        "text": "자격증 인터넷 발급",
        "userDefined": false
      }
    ],
    "isTemplate": false,
    "count": 0,
    "lang": "ko",
    "updated": 0
  },
  {
    "id": "6638ccbc-847f-4d82-a213-caf107ee0a18",
    "data": [
      {
        "text": "증명서 인터넷 발급",
        "userDefined": false
      }
    ],
    "isTemplate": false,
    "count": 0,
    "lang": "ko",
    "updated": 0
  },
  {
    "id": "6fa07d6c-1e31-48f5-af96-e89a945b6db2",
    "data": [
      {
        "text": "인터넷발급 안내",
        "userDefined": false
      }
    ],
    "isTemplate": false,
    "count": 0,
    "lang": "ko",
    "updated": 0
  },
  {
    "id": "c157fd0f-0a0f-478d-888c-7b7a92e4f6b9",
    "data": [
      {
        "text": "인터넷",
        "userDefined": false
      },
      {
        "text": "증명",
        "meta": "@sys.person",
        "alias": "person",
        "userDefined": false
      },
      {
        "text": "발급센터",
        "userDefined": false
      }
    ],
    "isTemplate": false,
    "count": 0,
    "lang": "ko",
    "updated": 0
  }
]