[
  {
    "id": "c8672438-8cd0-422d-a0aa-9f9ae9dd99d8",
    "data": [
      {
        "text": "자격증 ",
        "userDefined": false
      },
      {
        "text": "방문",
        "meta": "@sys.person",
        "alias": "person",
        "userDefined": false
      },
      {
        "text": " 발급",
        "userDefined": false
      }
    ],
    "isTemplate": false,
    "count": 0,
    "lang": "ko",
    "updated": 0
  },
  {
    "id": "a1ecf383-300b-4a21-a4ae-f7038ee269ac",
    "data": [
      {
        "text": "증명서 ",
        "userDefined": false
      },
      {
        "text": "방문",
        "meta": "@sys.person",
        "alias": "person",
        "userDefined": false
      },
      {
        "text": " 발급",
        "userDefined": false
      }
    ],
    "isTemplate": false,
    "count": 0,
    "lang": "ko",
    "updated": 0
  },
  {
    "id": "e4c80d1f-3a1b-4f5c-befd-487a297957d5",
    "data": [
      {
        "text": "방문",
        "meta": "@sys.person",
        "alias": "person",
        "userDefined": false
      },
      {
        "text": "발급 안내",
        "userDefined": false
      }
    ],
    "isTemplate": false,
    "count": 0,
    "lang": "ko",
    "updated": 0
  }
]