[
  {
    "id": "40683416-88a2-41e4-8fcf-12d1b0939e4e",
    "data": [
      {
        "text": "학사학위 취득 유예 ",
        "userDefined": false
      },
      {
        "text": "신청",
        "meta": "@sys.person",
        "alias": "person",
        "userDefined": false
      }
    ],
    "isTemplate": false,
    "count": 0,
    "lang": "ko",
    "updated": 0
  },
  {
    "id": "9ae9a382-281d-408a-b0b5-f54c40bd7369",
    "data": [
      {
        "text": "졸업 ",
        "userDefined": false
      },
      {
        "text": "연기",
        "meta": "@sys.person",
        "alias": "person",
        "userDefined": false
      },
      {
        "text": " ",
        "userDefined": false
      },
      {
        "text": "신청",
        "meta": "@sys.person",
        "alias": "person",
        "userDefined": false
      }
    ],
    "isTemplate": false,
    "count": 0,
    "lang": "ko",
    "updated": 0
  },
  {
    "id": "eb09b377-66eb-4e21-aeb7-ed9c8f93f41c",
    "data": [
      {
        "text": "학사학위취득",
        "userDefined": false
      },
      {
        "text": "연기",
        "meta": "@sys.person",
        "alias": "person",
        "userDefined": false
      }
    ],
    "isTemplate": false,
    "count": 0,
    "lang": "ko",
    "updated": 0
  },
  {
    "id": "09eeee27-a252-4471-941c-ee6eab663438",
    "data": [
      {
        "text": "학사학위취득유예",
        "userDefined": false
      }
    ],
    "isTemplate": false,
    "count": 0,
    "lang": "ko",
    "updated": 0
  },
  {
    "id": "98123204-ea2f-4fb4-9746-4cdac8422fa5",
    "data": [
      {
        "text": "학사학위",
        "userDefined": false
      },
      {
        "text": "연기",
        "meta": "@sys.person",
        "alias": "person",
        "userDefined": false
      }
    ],
    "isTemplate": false,
    "count": 0,
    "lang": "ko",
    "updated": 0
  },
  {
    "id": "10f7fd97-9055-4941-9ae3-0cd568c66e91",
    "data": [
      {
        "text": "학사학위유예",
        "userDefined": false
      }
    ],
    "isTemplate": false,
    "count": 0,
    "lang": "ko",
    "updated": 0
  }
]