[
  {
    "id": "442d781f-2a3e-4818-891a-15de0a114f5b",
    "data": [
      {
        "text": "조기",
        "meta": "@sys.person",
        "alias": "person",
        "userDefined": false
      },
      {
        "text": "졸업",
        "userDefined": false
      }
    ],
    "isTemplate": false,
    "count": 0,
    "lang": "ko",
    "updated": 0
  },
  {
    "id": "58f95d14-4328-4440-ac9a-595978d49c89",
    "data": [
      {
        "text": "조기",
        "meta": "@sys.person",
        "alias": "person",
        "userDefined": false
      },
      {
        "text": " 졸업 ",
        "userDefined": false
      },
      {
        "text": "신청",
        "meta": "@sys.person",
        "alias": "person1",
        "userDefined": false
      }
    ],
    "isTemplate": false,
    "count": 0,
    "lang": "ko",
    "updated": 0
  }
]