[
  {
    "id": "e7718c20-2f9a-48e6-bc8d-1ee40bf2f18a",
    "data": [
      {
        "text": "장학금 내역",
        "userDefined": false
      }
    ],
    "isTemplate": false,
    "count": 0,
    "lang": "ko",
    "updated": 0
  },
  {
    "id": "1f1d7d97-de83-4fdf-b07e-66b4aa79397b",
    "data": [
      {
        "text": "장학금 ",
        "userDefined": false
      },
      {
        "text": "수혜",
        "meta": "@sys.person",
        "alias": "person",
        "userDefined": false
      },
      {
        "text": " 내역",
        "userDefined": false
      }
    ],
    "isTemplate": false,
    "count": 0,
    "lang": "ko",
    "updated": 0
  },
  {
    "id": "6b3a4af2-cf0b-4d8c-b3a8-5045130378be",
    "data": [
      {
        "text": "장학증서 발급",
        "userDefined": false
      }
    ],
    "isTemplate": false,
    "count": 0,
    "lang": "ko",
    "updated": 0
  }
]