[
  {
    "id": "a6af5a72-4211-474c-bbcd-3cf96c1a94e1",
    "data": [
      {
        "text": "국내",
        "meta": "@sys.location",
        "alias": "location",
        "userDefined": false
      },
      {
        "text": " 현장실습 장학 ",
        "userDefined": false
      },
      {
        "text": "신청",
        "meta": "@sys.person",
        "alias": "person",
        "userDefined": false
      }
    ],
    "isTemplate": false,
    "count": 0,
    "lang": "ko",
    "updated": 0
  }
]