[
  {
    "id": "113298c9-b9f6-4da8-8ea8-344d20097e2d",
    "data": [
      {
        "text": "국가장학금(",
        "userDefined": false
      },
      {
        "text": "2",
        "meta": "@sys.number",
        "alias": "number",
        "userDefined": false
      },
      {
        "text": "유형",
        "meta": "@sys.person",
        "alias": "person",
        "userDefined": false
      },
      {
        "text": "코로나",
        "userDefined": false
      },
      {
        "text": "19",
        "meta": "@sys.number",
        "alias": "number1",
        "userDefined": false
      },
      {
        "text": ") ",
        "userDefined": false
      },
      {
        "text": "신청",
        "meta": "@sys.person",
        "alias": "person1",
        "userDefined": false
      }
    ],
    "isTemplate": false,
    "count": 0,
    "lang": "ko",
    "updated": 0
  }
]