[
  {
    "id": "2d02be8a-4d4d-4d19-b1b4-b6c9903f2461",
    "data": [
      {
        "text": "계절",
        "userDefined": false
      },
      {
        "text": "학기",
        "meta": "@sys.person",
        "alias": "person",
        "userDefined": false
      },
      {
        "text": " 등록금 환불 ",
        "userDefined": false
      },
      {
        "text": "신청",
        "meta": "@sys.person",
        "alias": "person1",
        "userDefined": false
      }
    ],
    "isTemplate": false,
    "count": 0,
    "lang": "ko",
    "updated": 0
  }
]