[
  {
    "id": "4b09d228-473e-4143-9985-1d0fd4826bde",
    "data": [
      {
        "text": "완주증출력",
        "userDefined": false
      }
    ],
    "isTemplate": false,
    "count": 0,
    "lang": "ko",
    "updated": 0
  },
  {
    "id": "498aaf19-5b19-4cff-9a1e-60bff17f4cda",
    "data": [
      {
        "text": "걷기",
        "userDefined": false
      },
      {
        "text": "대회",
        "meta": "@sys.person",
        "alias": "person",
        "userDefined": false
      }
    ],
    "isTemplate": false,
    "count": 0,
    "lang": "ko",
    "updated": 0
  },
  {
    "id": "70e8b74f-5f97-4f9f-be7d-3b098aaf3a27",
    "data": [
      {
        "text": "걷기 ",
        "userDefined": false
      },
      {
        "text": "대회",
        "meta": "@sys.person",
        "alias": "person",
        "userDefined": false
      },
      {
        "text": " 완주증 출력",
        "userDefined": false
      }
    ],
    "isTemplate": false,
    "count": 0,
    "lang": "ko",
    "updated": 0
  }
]