[
  {
    "id": "9a54307c-f3f6-4cc6-99b1-c14ef64effcf",
    "data": [
      {
        "text": "계명",
        "meta": "@sys.person",
        "alias": "person",
        "userDefined": false
      },
      {
        "text": " 독서 인증 조회",
        "userDefined": false
      }
    ],
    "isTemplate": false,
    "count": 0,
    "lang": "ko",
    "updated": 0
  },
  {
    "id": "3abd1dc4-8cd1-47ad-85c6-961d3da10ab7",
    "data": [
      {
        "text": "계명",
        "meta": "@sys.person",
        "alias": "person",
        "userDefined": false
      },
      {
        "text": "독서",
        "userDefined": false
      }
    ],
    "isTemplate": false,
    "count": 0,
    "lang": "ko",
    "updated": 0
  },
  {
    "id": "38a5723a-42ff-4c45-998f-48f3bdb215c2",
    "data": [
      {
        "text": "계명",
        "meta": "@sys.person",
        "alias": "person",
        "userDefined": false
      },
      {
        "text": "독서인증",
        "userDefined": false
      }
    ],
    "isTemplate": false,
    "count": 0,
    "lang": "ko",
    "updated": 0
  }
]