[
  {
    "id": "184cb998-6360-4dd7-949a-aa5cc176579a",
    "data": [
      {
        "text": "추후 ",
        "userDefined": false
      },
      {
        "text": "정산",
        "meta": "@sys.person",
        "alias": "person1",
        "userDefined": false
      },
      {
        "text": "(",
        "userDefined": false
      },
      {
        "text": "정산",
        "meta": "@sys.person",
        "alias": "person11",
        "userDefined": false
      },
      {
        "text": "자",
        "meta": "@sys.person",
        "alias": "person11",
        "userDefined": false
      },
      {
        "text": " 입력)",
        "userDefined": false
      }
    ],
    "isTemplate": false,
    "count": 0,
    "lang": "ko",
    "updated": 0
  }
]