[
  {
    "id": "84a8cc31-85dd-4550-99ed-9034253054d1",
    "data": [
      {
        "text": "공간 ",
        "userDefined": false
      },
      {
        "text": "사용",
        "meta": "@sys.person",
        "alias": "person1",
        "userDefined": false
      },
      {
        "text": " ",
        "userDefined": false
      },
      {
        "text": "신청",
        "meta": "@sys.person",
        "alias": "person1",
        "userDefined": false
      }
    ],
    "isTemplate": false,
    "count": 0,
    "lang": "ko",
    "updated": 0
  }
]