[
  {
    "id": "a8103f6e-e8d1-4bfc-84ea-823468d62f48",
    "data": [
      {
        "text": "예비군 ",
        "userDefined": false
      },
      {
        "text": "훈련",
        "meta": "@sys.person",
        "alias": "person",
        "userDefined": false
      },
      {
        "text": "현황",
        "meta": "@sys.person",
        "alias": "person",
        "userDefined": false
      },
      {
        "text": " 조회",
        "userDefined": false
      }
    ],
    "isTemplate": false,
    "count": 0,
    "lang": "ko",
    "updated": 0
  }
]