[
  {
    "id": "8eb1a2f3-9b10-4031-bc1b-3cc07ca177e5",
    "data": [
      {
        "text": "수송",
        "meta": "@sys.person",
        "alias": "person",
        "userDefined": false
      },
      {
        "text": "차량",
        "meta": "@sys.person",
        "alias": "person",
        "userDefined": false
      },
      {
        "text": " ",
        "userDefined": false
      },
      {
        "text": "신청",
        "meta": "@sys.person",
        "alias": "person",
        "userDefined": false
      }
    ],
    "isTemplate": false,
    "count": 0,
    "lang": "ko",
    "updated": 0
  }
]