[
  {
    "id": "62e32a1a-0a5a-4272-b3a5-6cfcfb29e9a4",
    "data": [
      {
        "text": "아리미",
        "meta": "@sys.person",
        "alias": "person",
        "userDefined": false
      },
      {
        "text": " ",
        "userDefined": false
      },
      {
        "text": "활동",
        "meta": "@sys.person",
        "alias": "person",
        "userDefined": false
      },
      {
        "text": "일지",
        "meta": "@sys.person",
        "alias": "person",
        "userDefined": false
      },
      {
        "text": " ",
        "userDefined": false
      },
      {
        "text": "제출",
        "meta": "@sys.person",
        "alias": "person",
        "userDefined": false
      }
    ],
    "isTemplate": false,
    "count": 0,
    "lang": "ko",
    "updated": 0
  }
]