[
  {
    "id": "ae462655-25c4-4960-82bf-797c142101b1",
    "data": [
      {
        "text": "연구",
        "meta": "@sys.person",
        "alias": "person",
        "userDefined": false
      },
      {
        "text": "노트 발급 및 열람 ",
        "userDefined": false
      },
      {
        "text": "신청",
        "meta": "@sys.person",
        "alias": "person1",
        "userDefined": false
      }
    ],
    "isTemplate": false,
    "count": 0,
    "lang": "ko",
    "updated": 0
  }
]