[
  {
    "id": "3e3d5dce-8780-4a58-8f59-7991aa62bc42",
    "data": [
      {
        "text": "연구",
        "meta": "@sys.person",
        "alias": "person",
        "userDefined": false
      },
      {
        "text": " 인력 ",
        "userDefined": false
      },
      {
        "text": "전자",
        "meta": "@sys.person",
        "alias": "person1",
        "userDefined": false
      },
      {
        "text": "서명",
        "meta": "@sys.person",
        "alias": "person1",
        "userDefined": false
      },
      {
        "text": " ",
        "userDefined": false
      },
      {
        "text": "관리",
        "meta": "@sys.person",
        "alias": "person1",
        "userDefined": false
      }
    ],
    "isTemplate": false,
    "count": 0,
    "lang": "ko",
    "updated": 0
  }
]