[
  {
    "id": "4fdf5e66-ed30-45dd-911a-623d35588612",
    "data": [
      {
        "text": "연구",
        "meta": "@sys.person",
        "alias": "person",
        "userDefined": false
      },
      {
        "text": "과제 ",
        "userDefined": false
      },
      {
        "text": "활동",
        "meta": "@sys.person",
        "alias": "person1",
        "userDefined": false
      },
      {
        "text": " 확인서",
        "userDefined": false
      }
    ],
    "isTemplate": false,
    "count": 0,
    "lang": "ko",
    "updated": 0
  }
]