[
  {
    "id": "63ab8e41-05b3-4ad7-8fe8-303a630696e2",
    "data": [
      {
        "text": "연구",
        "meta": "@sys.person",
        "alias": "person",
        "userDefined": false
      },
      {
        "text": " 인력 이체계좌 ",
        "userDefined": false
      },
      {
        "text": "관리",
        "meta": "@sys.person",
        "alias": "person1",
        "userDefined": false
      }
    ],
    "isTemplate": false,
    "count": 0,
    "lang": "ko",
    "updated": 0
  }
]