[
  {
    "id": "ef626ef4-a657-4b9b-aad6-df4a1e48ebec",
    "data": [
      {
        "text": "서포터즈 ",
        "userDefined": false
      },
      {
        "text": "공연",
        "meta": "@sys.person",
        "alias": "person",
        "userDefined": false
      },
      {
        "text": " ",
        "userDefined": false
      },
      {
        "text": "신청",
        "meta": "@sys.person",
        "alias": "person",
        "userDefined": false
      }
    ],
    "isTemplate": false,
    "count": 0,
    "lang": "ko",
    "updated": 0
  }
]