[
  {
    "id": "100a0919-2c68-41d1-81c4-0389d4369756",
    "data": [
      {
        "text": "통합",
        "userDefined": false
      },
      {
        "text": "교육원",
        "meta": "@sys.location",
        "alias": "location",
        "userDefined": false
      },
      {
        "text": " 외국어 특별장학 ",
        "userDefined": false
      },
      {
        "text": "신청",
        "meta": "@sys.person",
        "alias": "person",
        "userDefined": false
      }
    ],
    "isTemplate": false,
    "count": 0,
    "lang": "ko",
    "updated": 0
  }
]