[
  {
    "id": "66951088-825d-4fdb-9d96-ce035d7006cc",
    "data": [
      {
        "text": "통합",
        "userDefined": false
      },
      {
        "text": "교육원",
        "meta": "@sys.location",
        "alias": "location",
        "userDefined": false
      },
      {
        "text": " ",
        "userDefined": false
      },
      {
        "text": "수강",
        "meta": "@sys.person",
        "alias": "person",
        "userDefined": false
      },
      {
        "text": " ",
        "userDefined": false
      },
      {
        "text": "신청",
        "meta": "@sys.person",
        "alias": "person",
        "userDefined": false
      }
    ],
    "isTemplate": false,
    "count": 0,
    "lang": "ko",
    "updated": 0
  }
]