[
  {
    "id": "63b55ec0-e1fa-48ca-8a38-dbea447d7354",
    "data": [
      {
        "text": "기숙사 사생 ",
        "userDefined": false
      },
      {
        "text": "관리",
        "meta": "@sys.person",
        "alias": "person",
        "userDefined": false
      }
    ],
    "isTemplate": false,
    "count": 0,
    "lang": "ko",
    "updated": 0
  },
  {
    "id": "8234c042-b26c-4ec2-b5b6-ca3ebee73840",
    "data": [
      {
        "text": "명교",
        "meta": "@sys.person",
        "alias": "person",
        "userDefined": false
      },
      {
        "text": "생활관 사생 ",
        "userDefined": false
      },
      {
        "text": "관리",
        "meta": "@sys.person",
        "alias": "person",
        "userDefined": false
      }
    ],
    "isTemplate": false,
    "count": 0,
    "lang": "ko",
    "updated": 0
  }
]