[
  {
    "id": "2f9b0d43-2d26-43f8-a6f5-a396b4bd5ebf",
    "data": [
      {
        "text": "명교",
        "meta": "@sys.person",
        "alias": "person",
        "userDefined": false
      },
      {
        "text": "생활관 원서 접수",
        "userDefined": false
      }
    ],
    "isTemplate": false,
    "count": 0,
    "lang": "ko",
    "updated": 0
  },
  {
    "id": "54010987-928d-43e1-80a5-710dd918dc27",
    "data": [
      {
        "text": "명교",
        "meta": "@sys.person",
        "alias": "person",
        "userDefined": false
      },
      {
        "text": "생활관 ",
        "userDefined": false
      },
      {
        "text": "신청",
        "meta": "@sys.person",
        "alias": "person",
        "userDefined": false
      }
    ],
    "isTemplate": false,
    "count": 0,
    "lang": "ko",
    "updated": 0
  },
  {
    "id": "2e8471e0-6fa7-4f4d-b011-46061288d760",
    "data": [
      {
        "text": "기숙사 ",
        "userDefined": false
      },
      {
        "text": "신청",
        "meta": "@sys.person",
        "alias": "person",
        "userDefined": false
      }
    ],
    "isTemplate": false,
    "count": 0,
    "lang": "ko",
    "updated": 0
  },
  {
    "id": "f0f9f63c-de88-4254-b36f-492385b705c1",
    "data": [
      {
        "text": "기숙사 원서 접수",
        "userDefined": false
      }
    ],
    "isTemplate": false,
    "count": 1,
    "lang": "ko",
    "updated": 0
  }
]