[
  {
    "id": "16bd01c7-2dbe-4901-8ca9-272564554865",
    "data": [
      {
        "text": "명교생활관",
        "meta": "@sys.location",
        "alias": "location",
        "userDefined": false
      },
      {
        "text": " 유의사항",
        "userDefined": false
      }
    ],
    "isTemplate": false,
    "count": 0,
    "lang": "ko",
    "updated": 0
  },
  {
    "id": "6f0f0e52-e693-402d-9ef9-a50d73c8bee0",
    "data": [
      {
        "text": "기숙사 지참",
        "userDefined": false
      }
    ],
    "isTemplate": false,
    "count": 0,
    "lang": "ko",
    "updated": 0
  },
  {
    "id": "b28ce5d8-dce4-4972-b18a-b8a58efc274c",
    "data": [
      {
        "text": "기숙사 준비물",
        "userDefined": false
      }
    ],
    "isTemplate": false,
    "count": 0,
    "lang": "ko",
    "updated": 0
  },
  {
    "id": "61ada3c3-b64b-4ddd-9cbf-4b9457a848b2",
    "data": [
      {
        "text": "기숙사 입사",
        "userDefined": false
      }
    ],
    "isTemplate": false,
    "count": 0,
    "lang": "ko",
    "updated": 0
  },
  {
    "id": "7dcd7590-3761-4087-a374-e95387ed3739",
    "data": [
      {
        "text": "기숙사 검사서",
        "userDefined": false
      }
    ],
    "isTemplate": false,
    "count": 0,
    "lang": "ko",
    "updated": 0
  },
  {
    "id": "01a1d480-95ca-43dd-ab9e-fefe333b09d2",
    "data": [
      {
        "text": "기숙사 확인서",
        "userDefined": false
      }
    ],
    "isTemplate": false,
    "count": 0,
    "lang": "ko",
    "updated": 0
  },
  {
    "id": "1fdd5f0c-7db2-4608-b579-9d9b8aa00be9",
    "data": [
      {
        "text": "기숙사 유의사항",
        "userDefined": false
      }
    ],
    "isTemplate": false,
    "count": 0,
    "lang": "ko",
    "updated": 0
  }
]