[
  {
    "id": "5c2da550-223a-4ea9-961c-d37ef1f2e54e",
    "data": [
      {
        "text": "기숙사 퇴사 ",
        "userDefined": false
      },
      {
        "text": "신청",
        "meta": "@sys.person",
        "alias": "person",
        "userDefined": false
      }
    ],
    "isTemplate": false,
    "count": 0,
    "lang": "ko",
    "updated": 0
  },
  {
    "id": "d1eaec91-ef18-47de-808e-817265f9502e",
    "data": [
      {
        "text": "명교",
        "meta": "@sys.person",
        "alias": "person",
        "userDefined": false
      },
      {
        "text": "생활관 퇴사 ",
        "userDefined": false
      },
      {
        "text": "신청",
        "meta": "@sys.person",
        "alias": "person",
        "userDefined": false
      }
    ],
    "isTemplate": false,
    "count": 0,
    "lang": "ko",
    "updated": 0
  }
]