[
  {
    "id": "4260be93-9dc4-41a2-a349-bf467c3fbc94",
    "data": [
      {
        "text": "기숙사 환불 ",
        "userDefined": false
      },
      {
        "text": "신청",
        "meta": "@sys.person",
        "alias": "person",
        "userDefined": false
      }
    ],
    "isTemplate": false,
    "count": 1,
    "lang": "ko",
    "updated": 0
  },
  {
    "id": "59f071ba-3c45-4062-864f-0671c338b48a",
    "data": [
      {
        "text": "명교",
        "meta": "@sys.person",
        "alias": "person",
        "userDefined": false
      },
      {
        "text": "생활관 환불 ",
        "userDefined": false
      },
      {
        "text": "신청",
        "meta": "@sys.person",
        "alias": "person",
        "userDefined": false
      }
    ],
    "isTemplate": false,
    "count": 0,
    "lang": "ko",
    "updated": 0
  }
]