[
  {
    "id": "79d2546a-bcbc-4b9e-9251-ea42f6d6192d",
    "data": [
      {
        "text": "기숙사 합격자 조회",
        "userDefined": false
      }
    ],
    "isTemplate": false,
    "count": 0,
    "lang": "ko",
    "updated": 0
  },
  {
    "id": "6da561f6-29bf-4f13-9e0f-5ca3f01211ad",
    "data": [
      {
        "text": "명교생활관",
        "meta": "@sys.location",
        "alias": "location",
        "userDefined": false
      },
      {
        "text": " 합격자 조회",
        "userDefined": false
      }
    ],
    "isTemplate": false,
    "count": 0,
    "lang": "ko",
    "updated": 0
  }
]