[
  {
    "id": "b8b67338-1497-4add-bf4f-e733dd895f03",
    "data": [
      {
        "text": "명교생활관",
        "meta": "@sys.location",
        "alias": "location",
        "userDefined": false
      },
      {
        "text": " 등록 확인",
        "userDefined": false
      }
    ],
    "isTemplate": false,
    "count": 0,
    "lang": "ko",
    "updated": 0
  },
  {
    "id": "e8eedbb0-d904-4fc3-9bdb-7ff7db14e5fb",
    "data": [
      {
        "text": "기숙사 등록 확인",
        "userDefined": false
      }
    ],
    "isTemplate": false,
    "count": 0,
    "lang": "ko",
    "updated": 0
  }
]