[
  {
    "id": "ac30b889-5bc5-45f3-b9de-64f3561fb5a6",
    "data": [
      {
        "text": "기숙사 상벌점 조회",
        "userDefined": false
      }
    ],
    "isTemplate": false,
    "count": 0,
    "lang": "ko",
    "updated": 0
  },
  {
    "id": "d75318cc-77ba-4e0f-9584-18792b5490f6",
    "data": [
      {
        "text": "명교생활관",
        "meta": "@sys.location",
        "alias": "location",
        "userDefined": false
      },
      {
        "text": " 상벌점 조회",
        "userDefined": false
      }
    ],
    "isTemplate": false,
    "count": 0,
    "lang": "ko",
    "updated": 0
  }
]