[
  {
    "id": "16d8f274-e396-42fe-9036-5fa46c41cdc6",
    "data": [
      {
        "text": "기숙사 외박 ",
        "userDefined": false
      },
      {
        "text": "신청",
        "meta": "@sys.person",
        "alias": "person",
        "userDefined": false
      }
    ],
    "isTemplate": false,
    "count": 0,
    "lang": "ko",
    "updated": 0
  },
  {
    "id": "fb454a4a-785d-42b0-b477-28ad0db3ea85",
    "data": [
      {
        "text": "명교",
        "meta": "@sys.person",
        "alias": "person",
        "userDefined": false
      },
      {
        "text": "생활관 외박 ",
        "userDefined": false
      },
      {
        "text": "신청",
        "meta": "@sys.person",
        "alias": "person",
        "userDefined": false
      }
    ],
    "isTemplate": false,
    "count": 0,
    "lang": "ko",
    "updated": 0
  }
]