[
  {
    "id": "acc92b30-5351-403e-beda-660a68f40153",
    "data": [
      {
        "text": "피드백",
        "userDefined": false
      }
    ],
    "isTemplate": false,
    "count": 0,
    "lang": "ko",
    "updated": 0
  },
  {
    "id": "c64df9a4-9352-430b-aea3-4ffcdabeb95a",
    "data": [
      {
        "text": "건의",
        "userDefined": false
      }
    ],
    "isTemplate": false,
    "count": 0,
    "lang": "ko",
    "updated": 0
  },
  {
    "id": "4b07e718-e117-4a00-af21-e9c4c8f1c4a1",
    "data": [
      {
        "text": "에러",
        "userDefined": false
      }
    ],
    "isTemplate": false,
    "count": 0,
    "lang": "ko",
    "updated": 0
  },
  {
    "id": "31c8ecea-4416-47d9-b241-ffcea13d1737",
    "data": [
      {
        "text": "오류",
        "userDefined": false
      }
    ],
    "isTemplate": false,
    "count": 0,
    "lang": "ko",
    "updated": 0
  },
  {
    "id": "3f89082c-6448-40bb-97f9-2c7d08636186",
    "data": [
      {
        "text": "개발자",
        "userDefined": false
      }
    ],
    "isTemplate": false,
    "count": 0,
    "lang": "ko",
    "updated": 0
  }
]