[
  {
    "id": "b553c57e-897e-4798-b7d6-2ff0aa6b36d9",
    "data": [
      {
        "text": "아트센터",
        "meta": "@sys.location",
        "alias": "location",
        "userDefined": false
      }
    ],
    "isTemplate": false,
    "count": 0,
    "lang": "ko",
    "updated": 0
  },
  {
    "id": "2de1d3aa-045d-417a-834d-df133146612b",
    "data": [
      {
        "text": "계명",
        "meta": "@sys.person",
        "alias": "person",
        "userDefined": false
      },
      {
        "text": "아트센터",
        "meta": "@sys.location",
        "alias": "location",
        "userDefined": false
      }
    ],
    "isTemplate": false,
    "count": 0,
    "lang": "ko",
    "updated": 0
  }
]