[
  {
    "id": "8d6b3924-f85c-4505-88ee-1d128b581668",
    "data": [
      {
        "text": "수업",
        "meta": "@sys.person",
        "alias": "person",
        "userDefined": false
      },
      {
        "text": "과정",
        "meta": "@sys.person",
        "alias": "person",
        "userDefined": false
      }
    ],
    "isTemplate": false,
    "count": 0,
    "lang": "ko",
    "updated": 0
  },
  {
    "id": "cc2d0abd-ace0-4127-9144-0b7facc822aa",
    "data": [
      {
        "text": "교육",
        "userDefined": false
      },
      {
        "text": "과정",
        "meta": "@sys.person",
        "alias": "person",
        "userDefined": false
      },
      {
        "text": "조회",
        "userDefined": false
      }
    ],
    "isTemplate": false,
    "count": 0,
    "lang": "ko",
    "updated": 0
  },
  {
    "id": "30833d28-b2cc-499f-8cfe-0d80c95152a3",
    "data": [
      {
        "text": "교육",
        "userDefined": false
      },
      {
        "text": "과정",
        "meta": "@sys.person",
        "alias": "person",
        "userDefined": false
      }
    ],
    "isTemplate": false,
    "count": 0,
    "lang": "ko",
    "updated": 0
  }
]