[
  {
    "id": "b99e6628-74f8-47c7-9d7d-4f983f1155d0",
    "data": [
      {
        "text": "명교생활관(기숙사",
        "meta": "@sys.location",
        "alias": "location",
        "userDefined": false
      },
      {
        "text": ")",
        "userDefined": false
      }
    ],
    "isTemplate": false,
    "count": 0,
    "lang": "ko",
    "updated": 0
  },
  {
    "id": "299591dc-33ef-4193-8759-e85d57cba5ed",
    "data": [
      {
        "text": "명교생활관",
        "meta": "@sys.location",
        "alias": "location",
        "userDefined": false
      }
    ],
    "isTemplate": false,
    "count": 0,
    "lang": "ko",
    "updated": 0
  },
  {
    "id": "a7ef8b9c-bb02-4c96-9d24-944ce3cc0565",
    "data": [
      {
        "text": "기숙사",
        "userDefined": false
      }
    ],
    "isTemplate": false,
    "count": 0,
    "lang": "ko",
    "updated": 0
  }
]