[
  {
    "id": "2147ad9c-3d4c-4294-bc36-d5712cb798ad",
    "data": [
      {
        "text": "교육",
        "userDefined": false
      },
      {
        "text": "봉사",
        "meta": "@sys.location",
        "alias": "location",
        "userDefined": false
      }
    ],
    "isTemplate": false,
    "count": 0,
    "lang": "ko",
    "updated": 0
  },
  {
    "id": "3e68dc99-62d9-4c3b-98a3-3b6401db52aa",
    "data": [
      {
        "text": "교육실습",
        "userDefined": false
      }
    ],
    "isTemplate": false,
    "count": 0,
    "lang": "ko",
    "updated": 0
  },
  {
    "id": "7d81b738-a40f-4c11-b301-66fc35944fa5",
    "data": [
      {
        "text": "교육실습/교육",
        "userDefined": false
      },
      {
        "text": "봉사",
        "meta": "@sys.location",
        "alias": "location",
        "userDefined": false
      }
    ],
    "isTemplate": false,
    "count": 0,
    "lang": "ko",
    "updated": 0
  }
]