[
  {
    "id": "a23d3db2-eb6f-4c4d-82cb-e50a5b7c01a4",
    "data": [
      {
        "text": "교직허가",
        "userDefined": false
      }
    ],
    "isTemplate": false,
    "count": 0,
    "lang": "ko",
    "updated": 0
  },
  {
    "id": "02ea6c33-095a-43ba-95e8-a8b3d791c287",
    "data": [
      {
        "text": "교직",
        "userDefined": false
      },
      {
        "text": "신청",
        "meta": "@sys.person",
        "alias": "person",
        "userDefined": false
      }
    ],
    "isTemplate": false,
    "count": 0,
    "lang": "ko",
    "updated": 0
  },
  {
    "id": "29345cff-cef5-4982-b912-cd2f2005043c",
    "data": [
      {
        "text": "교직",
        "userDefined": false
      },
      {
        "text": "신청",
        "meta": "@sys.person",
        "alias": "person",
        "userDefined": false
      },
      {
        "text": "/허가",
        "userDefined": false
      }
    ],
    "isTemplate": false,
    "count": 0,
    "lang": "ko",
    "updated": 0
  }
]