[
  {
    "id": "762ffaca-62dc-4ce7-b738-06b87ddfca7e",
    "data": [
      {
        "text": "수강",
        "meta": "@sys.person",
        "alias": "person",
        "userDefined": false
      }
    ],
    "isTemplate": false,
    "count": 0,
    "lang": "ko",
    "updated": 0
  },
  {
    "id": "6bbf9153-a5ee-4c5a-aec2-41b16b110afa",
    "data": [
      {
        "text": "수강",
        "meta": "@sys.person",
        "alias": "person",
        "userDefined": false
      },
      {
        "text": " ",
        "userDefined": false
      },
      {
        "text": "신청",
        "meta": "@sys.person",
        "alias": "person1",
        "userDefined": false
      }
    ],
    "isTemplate": false,
    "count": 0,
    "lang": "ko",
    "updated": 0
  },
  {
    "id": "2a0252c6-5630-49d7-9111-1c60df24d05d",
    "data": [
      {
        "text": "수강신청",
        "userDefined": false
      }
    ],
    "isTemplate": false,
    "count": 0,
    "lang": "ko",
    "updated": 0
  }
]