[
  {
    "id": "dd9628ba-cf1d-435f-b27a-324123ac9de0",
    "data": [
      {
        "text": "메인화면",
        "userDefined": false
      }
    ],
    "isTemplate": false,
    "count": 0,
    "lang": "ko",
    "updated": 0
  },
  {
    "id": "636e4404-0df7-46ec-aba6-32af7cfc1194",
    "data": [
      {
        "text": "메인",
        "meta": "@sys.location",
        "alias": "location",
        "userDefined": false
      }
    ],
    "isTemplate": false,
    "count": 0,
    "lang": "ko",
    "updated": 0
  },
  {
    "id": "cc52df5d-d837-4e66-b974-968ec954b19f",
    "data": [
      {
        "text": "도움",
        "userDefined": false
      }
    ],
    "isTemplate": false,
    "count": 0,
    "lang": "ko",
    "updated": 0
  },
  {
    "id": "e8348326-ac7b-404b-9b4d-af541b3c2ef6",
    "data": [
      {
        "text": "질문",
        "userDefined": false
      },
      {
        "text": "리스트",
        "meta": "@sys.person",
        "alias": "person",
        "userDefined": false
      }
    ],
    "isTemplate": false,
    "count": 0,
    "lang": "ko",
    "updated": 0
  },
  {
    "id": "a43054f8-71fd-4e67-80c7-39d753452921",
    "data": [
      {
        "text": "FAQ",
        "userDefined": false
      }
    ],
    "isTemplate": false,
    "count": 0,
    "lang": "ko",
    "updated": 0
  },
  {
    "id": "3c94f2c3-006a-42d9-84ee-1a4811ff0f90",
    "data": [
      {
        "text": "help",
        "userDefined": false
      }
    ],
    "isTemplate": false,
    "count": 0,
    "lang": "ko",
    "updated": 0
  },
  {
    "id": "e7fecfa9-737d-491d-b413-246d9f7ea46c",
    "data": [
      {
        "text": "자주",
        "meta": "@sys.person",
        "alias": "person",
        "userDefined": false
      },
      {
        "text": "묻는질문",
        "userDefined": false
      }
    ],
    "isTemplate": false,
    "count": 0,
    "lang": "ko",
    "updated": 0
  },
  {
    "id": "ca52be04-ce45-42af-8416-abd1aa309938",
    "data": [
      {
        "text": "질문",
        "userDefined": false
      }
    ],
    "isTemplate": false,
    "count": 0,
    "lang": "ko",
    "updated": 0
  },
  {
    "id": "d92209d1-79ee-4089-9230-e7a0d9397039",
    "data": [
      {
        "text": "도움말",
        "userDefined": false
      }
    ],
    "isTemplate": false,
    "count": 0,
    "lang": "ko",
    "updated": 0
  }
]